,Topic,Count,Name,Representation,Representative_Docs
0,-1,332,-1_this_of_the_and,"['this', 'of', 'the', 'and', 'people', 'to', 'it', 'are', 'is', 'be']","['There will be no sense of security. We cannot sleep peacefully because the cryptocurrency’s value keeps on fluctuating. Standard currencies fluctuate too, but not as high as cryptocurrencies. If the value of standard currency falls, we can still afford to live in our country, because the fall of currency value impacts all fields. For example, if the prices of groceries rise, so do our salaries. But if the value of cryptocurrencies like bitcoin falls, we will lose our hard-earned money.', ""That's a terrible idea. The government propaganda machine is already going at full steam. Do you have any idea what the psychological impact of these kinds of messages is when you blast them at people all day every day for over a year?  Depression, suicides, and domestic violence are all the consequences of living in a hopeless and high-stress environment for a protracted period of time and are at record levels throughout Europe. In this entire covid crisis the so-called 'health experts' have consequently ignored the fact that your mental state has a direct influence on your health. i.e.: If you're stressed out, you're more likely to get sick. Instead, they have willfully created panic. Just like your ad would."", 'Though right to protest is a fundamental right, people do not have right to take away the fundamental rights of others such as going to their work, doing their personal works etc. Not everyone is against to the changes by government. Some people may support it and may not support the ban. Forcing them to stay at home is undemocratic.']"
1,0,462,0_eu_european_europe_the,"['eu', 'european', 'europe', 'the', 'migration', 'and', 'in', 'must', 'of', 'migrants']","[""Do you have some reservations about the EU? Go and protest your own government's decisions because it's the member states that decide what the EU can do and what it can't, unfortunately. The EU does not have an actual army - not because of bureaucrats but because our member states think they are better alone than united. "", 'What does legal migration look like? People can not ask for asylum at an Embassy or Consulate. So people actually have to come to the EU and enter the EU if they want to ask for asylum in the EU. This has caused inhumane and dangerous circumstances as we see in the Mediterranean Sea.', 'We should halt all immigration from non-European or non-first-world countries into the EU. However, if we want to stop this immigration, we must stop its causes. Indeed, it is war, poverty, and European, Chinese and American neo-colonialism that make the people of African and Middle Eastern countries flee to Europe. So Europe must finally take responsibility and protect these countries from corruption, war, and neo-colonialism and help them to start their economy.']"
2,1,131,1_cars_autonomous_accidents_driving,"['cars', 'autonomous', 'accidents', 'driving', 'development', 'road', 'will', 'roads', 'vehicles', 'hydrogen']","['autonomous cars are a thing of the future', 'autonomous cars could increase accidents', 'we should stop the development of autonomous cars because autonomous cars are bad idea, very dangerous']"
3,2,119,2_retirement_mandatory_age_retire,"['retirement', 'mandatory', 'age', 'retire', 'older', 'job', 'end', 'jobs', 'younger', 'workers']","[""mandatory retirement is age discrimination and shouldn't be allowed to happen."", 'mandatory retirement allow new workers a chance', 'we should end mandatory retirement because some people need to work longer to be able to support themselves and/or their families']"
4,3,117,3_nuclear_weapons_abolition_war,"['nuclear', 'weapons', 'abolition', 'war', 'power', 'energy', 'destruction', 'peace', 'world', 'fight']","['nuclear weapons are expensive to maintain', ""we shouldn't fight to get rid of nuclear weapons. they provide a deterrent to serious conflict because even the smaller countries who have nuclear weapons pose a threat"", 'nuclear weapons should not be abolished because they provide a safety net.   rogue nations have fear of the power of nuclear weapons.']"
5,4,114,4_sex_selection_women_gender,"['sex', 'selection', 'women', 'gender', 'parents', 'child', 'family', 'men', 'legalize', 'rape']","['sex selection should be allowed to those who want a certain gender.', 'we should legalize sex selection because the parents are free to decide what gender they want', 'sex selection should be legal for parents to select the sex of the child.  parents with all boys or all girls should have the choice of selecting the other sex.']"
6,5,112,5_punishment_capital_death_penalty,"['punishment', 'capital', 'death', 'penalty', 'crime', 'crimes', 'innocent', 'prison', 'life', 'is']","['capital punishment can put innocent lives at risk', 'capital punishment is barbaric and should be abolished', 'capital punishment is the only acceptable punishment for some heinous crimes because they are so evil, life in prison is not enough.']"
7,6,110,6_loans_student_education_students,"['loans', 'student', 'education', 'students', 'college', 'go', 'degree', 'subsidized', 'pay', 'loan']","['higher education should be a right; subsidized student loans provides all who want to learn with access to an education', 'student loans are a good deal for students, student loans allow for some students go to school that may have not been able to go to school before', 'we should not subsidize student loans because people need to work hard to get their education']"
8,7,110,7_uniforms_school_uniform_students,"['uniforms', 'school', 'uniform', 'students', 'clothing', 'clothes', 'wear', 'bullying', 'express', 'buy']","['School uniforms limit the ability for students to express themselves.', 'school uniforms make is so that everyone is equal', 'school uniforms keep all kids equal while at school learning and that is a great thing so school uniforms should remain.']"
9,8,108,8_cannabis_drug_marijuana_drugs,"['cannabis', 'drug', 'marijuana', 'drugs', 'alcohol', 'use', 'legalized', 'legal', 'legalizing', 'illegal']","['cannabis use leads to the use of other drugs.', ""we should legalize cannabis because a natural plant should not be regulated. cannabis is shown to naturally help with certain medical conditions and it's much safer than alcohol for recreational use."", 'we should not legalize cannabis because it can be a ""gateway"" drug.']"
10,9,106,9_actors_child_children_movies,"['actors', 'child', 'children', 'movies', 'shows', 'use', 'acting', 'childhood', 'their', 'adults']","[""we should not ban the use of child actors because then movies and shows wouldn't have any children in them"", 'we should ban the use of child actors because it causes the child to be in a dangerous environment', 'child actors do not get a proper education and as such, the use of child actors should be banned']"
11,10,104,10_intellectual_property_rights_ideas,"['intellectual', 'property', 'rights', 'ideas', 'abolished', 'abolish', 'innovation', 'ip', 'it', 'idea']","['intellectual property rights limit the information people can use', 'intellectual property rights should be protected, as intellectual property is the same as physical property.', 'we should abolish intellectual property rights because new ideas are often an extension of old ideas and intellectual property rights can therefore inhibit creativity.']"
12,11,102,11_gender_neutral_language_adopt,"['gender', 'neutral', 'language', 'adopt', 'genders', 'offended', 'women', 'we', 'adopting', 'society']","['in order that gender-neutral people feel comfortable and not exluded from society, gender-neutral language should be adopted.', ""we should adopt gender-neutral language because gender-neutral language can improve women's status in society"", 'gender-neutral language is unnecessary.']"
13,12,102,12_organ_organs_trade_legalizing,"['organ', 'organs', 'trade', 'legalizing', 'would', 'legalize', 'sell', 'people', 'selling', 'transplant']","['we should not legalize organ trade because some people would be getting bad organs', 'if organ trade was legal it would be easier for people to get the organs that they need.', 'we should not legalize organ trade because then people would be selling their organs just for money']"
14,13,101,13_tolerance_zero_schools_policy,"['tolerance', 'zero', 'schools', 'policy', 'policies', 'children', 'school', 'students', 'adopt', 'bullying']","['teachers and children should feel safe in schools and a zero-tolerance policy will be beneficial for all.', 'we should adopt a zero-tolerance policy to protect all of our children.', 'We should not adopt a zero-tolerance policy in schools- children need more tolerance in their lives in order to flourish, and creating a zero-tolerance policy will cause harm and suffering.']"
15,14,100,14_austerity_regime_debt_an,"['austerity', 'regime', 'debt', 'an', 'spending', 'country', 'economy', 'regimes', 'adopt', 'reduce']","['an austerity regime would be harmful', 'an austerity regime would be good for the economy', 'an austerity regime would save money for the country.']"
16,15,100,15_sanctions_economic_countries_end,"['sanctions', 'economic', 'countries', 'end', 'china', 'effective', 'country', 'hurt', 'citizens', 'trade']","['we should end the use of economic sanctions because it causes more conflict.', 'economic sanctions help our country.', 'economic sanctions are not effective.']"
17,16,99,16_compensation_executive_executives_company,"['compensation', 'executive', 'executives', 'company', 'employees', 'limit', 'pay', 'compensated', 'limited', 'variable']","['we should not limit executive compensation because it is their company that they started, they have a right to the profits.', 'we should limit executive compensation because this would help support all of the workers in a company.', 'High executive compensation is necessary to get the best executives for your company']"
18,17,98,17_prostitution_legalizing_women_prostitutes,"['prostitution', 'legalizing', 'women', 'prostitutes', 'legalize', 'sex', 'profession', 'legalising', 'safer', 'trafficking']","['we should not legalize prostitution why do we have to do this are there any countries now that  made prostitution legal?', 'legalizing prostitution can many women as well as children vulnerable to the dangerous and immoral legal acceptance of prostitution.', 'legalizing prostitution would allow the government to regulate prostitution and make it safer.']"
19,18,98,18_party_multi_system_parties,"['party', 'multi', 'system', 'parties', 'political', 'systems', 'two', 'more', 'would', 'rti']","['a multi-party system would help create more options for voters.', 'a multi-party system would be too confusing', 'the two-party system is cheaper and easier to operate that any multi-party system']"
20,19,97,19_collectivism_group_individual_oppose,"['collectivism', 'group', 'individual', 'oppose', 'everyone', 'individuals', 'support', 'community', 'because', 'people']","['collectivism brings people together', 'we should support collectivism, as everyone in the group benefits from this practice.', 'we should not oppose collectivism because everyone should work together.']"
21,20,95,20_journalism_news_subsidizing_subsidize,"['journalism', 'news', 'subsidizing', 'subsidize', 'reporting', 'journalists', 'government', 'media', 'journalist', 'subsidization']","['if the government subsidized journalism fake news could be controlled.', 'journalism is important in this country.', 'Subsidizing journalism increases journalist pay, allowing for better journalism.']"
22,21,95,21_prayer_school_pray_religion,"['prayer', 'school', 'pray', 'religion', 'schools', 'prohibit', 'separation', 'state', 'prohibited', 'church']","['prayer should be not done in school, children are in school to learn', 'we should not prohibit school prayer as long as the type of prayer is not religion specific.', 'prayer in school should be prohibited because it violates the separation of prayer and state']"
23,22,89,22_atheism_adopt_religion_believe,"['atheism', 'adopt', 'religion', 'believe', 'wars', 'religious', 'adopted', 'god', 'belief', 'beliefs']","['we should not adopt atheism because everyone should have something to believe in.', 'we should not adopt atheism because everyone has the right to believe in god if they so choose.', 'we should not adopt atheism because it is not a religion']"
24,23,86,23_space_exploration_earth_money,"['space', 'exploration', 'earth', 'money', 'subsidize', 'planet', 'on', 'we', 'our', 'planets']","['space exploration is needed to see how space can affect us here', ""we shouldn't subsidize space exploration because it can be very costly"", 'space exploration should not be subsidized because it is not affordable. there is not enough money available in mostcountries to even support health care and security without space exploration too.']"
25,24,81,24_minors_surgery_cosmetic_allowed,"['minors', 'surgery', 'cosmetic', 'allowed', 'changing', 'for', 'minor', 'enough', 'bodies', 'decision']","['minors should be able to make decisions to have cosmetic surgery if it will help their self-confidence.', 'cosmetic surgery for minors is unnecessary because they are still developing.', 'minors should be allowed to have cosmetic surgery as long as their parents help make the decision. some cosmetic surgery would make a child with a deformity have better self esteem.']"
26,25,74,25_parades_pride_gay_celebrate,"['parades', 'pride', 'gay', 'celebrate', 'parade', 'lgbt', 'community', 'are', 'sexuality', 'support']","[""we don't have heterosexual pride day parades, so why should we have pride parades"", 'to support gay people then we should allow pride parades', 'pride parades can be a dangerous place']"
27,26,65,26_judicial_activism_limited_judges,"['judicial', 'activism', 'limited', 'judges', 'law', 'justice', 'laws', 'limit', 'personal', 'check']","['judicial activism must be supported by all means because judges  knows law and they acting inside the law by judicial activism.', 'judicial activism is an important part of our country.', 'judicial activism can skew the law and make it unfair so we should limit judicial activism.']"
28,27,65,27_whaling_whales_whale_species,"['whaling', 'whales', 'whale', 'species', 'inhumane', 'extinction', 'cruel', 'ban', 'banned', 'extinct']","['whaling is barbaric and cruel to whales and should therefore be banned', 'we should ban whaling because it is inhumane and because whales are becoming extinct.', 'we should ban whaling because it is leading to the extinction of whales']"
29,28,65,28_trading_algorithmic_unfair_market,"['trading', 'algorithmic', 'unfair', 'market', 'traders', 'computers', 'advantage', 'orders', 'accurate', 'more']","['algorithmic trading provides people with more opportunities when it comes to trading.', 'algorithmic trading has increased trading which is good for the economy', 'algorithmic trading is unfair to the market']"
30,29,64,29_three_strikes_laws_law,"['three', 'strikes', 'laws', 'law', 'crimes', 'strike', 'crime', 'criminals', 'offenders', 'prison']","['the three strikes law make it hard for those criminals who are trying to reform.', 'the three-strikes law is unfair to  those criminals who are trying to reform themselves.', 'The three-strikes law is a deterrent against crime.']"
31,30,64,30_wikipedia_information_subsidize_subsidized,"['wikipedia', 'information', 'subsidize', 'subsidized', 'source', 'subsidizing', 'subsidy', 'articles', 'site', 'it']","['subsidizing wikipedia can cause it to provide biased information', 'wikipedia has no source of funding and subsidizing it will let it keep providing information', 'wikipedia provides so much information to the world that it is time we subsidize it.']"
32,31,62,31_safe_spaces_place_feel,"['safe', 'spaces', 'place', 'feel', 'where', 'places', 'they', 'safety', 'from', 'are']","['safe spaces are an illusion, no place is safe.', 'safe spaces are necessary to have a place of safety for all', 'safe spaces help protect all people.']"
33,32,60,32_surgery_cosmetic_esteem_self,"['surgery', 'cosmetic', 'esteem', 'self', 'surgeries', 'can', 'plastic', 'risks', 'patient', 'people']","['cosmetic surgery is unnecessary and dangerous.', 'cosmetic surgery can help people with self esteem issues', 'cosmetic surgery helps many people with their self esteem.']"
34,33,54,33_factory_farming_animals_farms,"['factory', 'farming', 'animals', 'farms', 'cruel', 'food', 'banned', 'ban', 'conditions', 'treats']","['factory farming is bad for the environment and should be banned', 'we should ban factory farming as its cruel and inhumane to animals', 'factory farming is not good for the environment']"
35,34,52,34_farming_factory_meat_food,"['farming', 'factory', 'meat', 'food', 'efficient', 'production', 'agriculture', 'feed', 'subsidies', 'way']","['factory farming is the only way to meet the high demand for meat.', 'factory farming is an efficient way to produce cheap food for the masses.', 'factory farming is a great way to get more food for everyone']"
36,35,52,35_military_private_companies_provide,"['military', 'private', 'companies', 'provide', 'security', 'company', 'national', 'are', 'service', 'soldiers']","['private military companies are often run by former military men and women and provide a service that allows the military to concentrate on military operations.', 'private military companies can be useful to countries who do not have their own military.', 'private military companies are needed to provide security when the military can not do the job']"
37,36,47,36_vote_voting_forced_right,"['vote', 'voting', 'forced', 'right', 'compulsory', 'people', 'democratic', 'choice', 'choose', 'not']","['why should anyone be forced to vote?it is their right to vote or not to vote as they see fit.it is not a democratic system to force people to do this.', 'this is a free country and citizens should have the right to vote or not to vote.', 'people should have the right to not vote.']"
38,37,47,37_voting_compulsory_voter_turnout,"['voting', 'compulsory', 'voter', 'turnout', 'vote', 'would', 'representative', 'election', 'voice', 'elections']","['voting is so important. voter turnout would be much higher if compulsory voting was introduced.', 'compulsory voting would increase voter turnout', 'compulsory voting would ensure that voting is fair and equal']"
39,38,44,38_scientology_church_cult_religion,"['scientology', 'church', 'cult', 'religion', 'ban', 'banned', 'should', 'members', 'whatever', 'of']","['The Church of Scientology is a cult and should be banned.', 'the church of scientology is a cult and it should be banned.', 'the church of scientology should be banned as it is a cult not a religion']"
40,39,42,39_targeted_killing_murder_ban,"['targeted', 'killing', 'murder', 'ban', 'banned', 'should', 'trial', 'killings', 'government', 'because']","['targeted killing is the same thing as murder and should be banned', 'targeted killing is inhumane and should be banned.', 'We should ban targeted killing as it just legalized murder and should not be allowed.']"
41,40,42,40_libertarianism_adopt_would_government,"['libertarianism', 'adopt', 'would', 'government', 'adopted', 'we', 'chaos', 'because', 'should', 'anarchy']","['we should adopt libertarianism because it would mean more freedom for citizens from their government.', 'we should not adopt libertarianism because the government would have too much control over people', 'we should adopt libertarianism because it helps many people']"
42,41,41,41_fast_food_ban_unhealthy,"['fast', 'food', 'ban', 'unhealthy', 'obesity', 'banned', 'health', 'banning', 'cheap', 'because']","['fast food is bad for our health and we really should ban any of it', 'we should not ban fast food because they are part of the economy', ""fast food is bad for one's health and should be banned""]"
43,42,38,42_missionary_work_missionaries_religion,"['missionary', 'work', 'missionaries', 'religion', 'culture', 'convert', 'often', 'dangerous', 'bribe', 'disrupts']","['missionary work can be dangerous to workers.', 'missionary work in other countries can prove to be dangerous to the missionaries and their families.', 'missionary work is dangerous and not necessary']"
44,43,38,43_libertarianism_freedom_society_government,"['libertarianism', 'freedom', 'society', 'government', 'tyranny', 'libertarian', 'libertarians', 'promotes', 'big', 'expression']","['libertarianism is the maximum expression of freedom. the state should not be the one who decrees the way of life of citizens. libertarianism brings human, professional and economic growth', 'libertarianism is the ultimate expression of freedom.', 'libertarianism promotes freedom and liberty in the more fair form for all. the foundation of our country is built on these ideas. there is more equality and freedom through libertarianism.']"
45,44,38,44_telemarketing_annoying_nuisance_calls,"['telemarketing', 'annoying', 'nuisance', 'calls', 'telemarketers', 'intrusive', 'call', 'privacy', 'calling', 'scams']","[""telemarketing is harassment. people who did not consent to contact are bombarded by calls from strangers. it's long past time to do away with telemarketing."", 'telemarketing is violative and intrusive. unwanted calls from telemarketers are too much annoying', 'telemarketing is intrusive, annoying and violates privacy']"
46,45,37,45_games_olympic_competition_athletes,"['games', 'olympic', 'competition', 'athletes', 'world', 'friendly', 'together', 'countries', 'olympics', 'sports']","['the olympic games brings together the world in a peaceful environment', 'The Olympic Games allow for countries around the world to compete in friendly competition and is a healthy outlet for national pride.', 'the olympic games encourage sports all around the world']"
47,46,36,46_animals_zoos_habitat_wild,"['animals', 'zoos', 'habitat', 'wild', 'live', 'cages', 'entertainment', 'zoo', 'natural', 'unnatural']","['it is inhumane to keep animals in cages for our entertainment. they need to be in their natural habitat in order to thrive instead of zoos.', 'zoos are bad for wild animals that need to live free', 'zoos keeping animals in cages while all animals should be free and to live in nature.']"
48,47,35,47_zoos_animals_species_endangered,"['zoos', 'animals', 'species', 'endangered', 'extinction', 'extinct', 'conservation', 'breeding', 'protect', 'wild']","['zoos help conservation efforts and prevent extinction of animals in the wild. many zoos have a complex breeding network in place to specifically add to wild populations of animals outside of zoos.', 'zoos make it possible to protect endangered animals from extinction', 'zoos help to protect endangered animals.']"
49,48,33,48_military_companies_private_ban,"['military', 'companies', 'private', 'ban', 'banned', 'operations', 'should', 'they', 'national', 'pmcs']","['private military companies are only in the business for profit and not for the ""best"" for our country in it\'s interests and private military companies should be banned.', 'private military companies should be banned as they are not subject to military laws', 'we should not ban private military companies because they protect people']"
50,49,33,49_targeted_killing_casualties_target,"['targeted', 'killing', 'casualties', 'target', 'war', 'allows', 'remove', 'harm', 'threats', 'terrorists']","['targeted killing is often the only way to get to the enemy.', 'targeted killing can help remove terrorist and other similar threats without having to involve large numbers of people. targeted killing can reduce casualties and provide a better outcome than all out war.', 'by using targeted killing the government can potentially save hundreds of lives, for example if a terrorist is targeted.']"
51,50,33,50_religion_freedom_follow_choose,"['religion', 'freedom', 'follow', 'choose', 'religious', 'whatever', 'beliefs', 'right', 'matter', 'religions']","['people are free to follow the religion they choose, no matter how out there the beliefs are.', 'everyone has a right to chose a religion to follow, no matter what their beliefs & practices are, it is wrong to ban a religion', 'freedom to choose a religion is a human right']"
52,51,33,51_stem_embryonic_research_cell,"['stem', 'embryonic', 'research', 'cell', 'cells', 'cures', 'diseases', 'treatments', 'save', 'potential']","['embryonic stem cell research helps save and improve lives.', 'embryonic stem cell research will help save lives and is very important.', 'embryonic stem cell research  can lead to new cures for diseases.']"
53,52,32,52_cosmetic_surgery_banned_ban,"['cosmetic', 'surgery', 'banned', 'ban', 'banning', 'look', 'should', 'it', 'vanity', 'doctor']","[""we should not ban cosmetic surgery people some people don't like how they look and it's their money if they want to change that"", 'We should not ban cosmetic surgery as people should be allowed to do what they want with their bodies.', 'cosmetic surgery is dangerous and should be banned.']"
54,53,31,53_fast_food_obesity_unhealthy,"['fast', 'food', 'obesity', 'unhealthy', 'ingredients', 'leading', 'eating', 'health', 'calories', 'causes']","['fast food is high fat and unhealthy food', 'fast food is one of the leading causes of obesity.', 'fast food is unhealthy and causes obesity']"
55,54,31,54_refugees_countries_refugee_accepting,"['refugees', 'countries', 'refugee', 'accepting', 'camps', 'rohingya', 'arab', 'returned', 'home', 'forcibly']","['Allowing refugees is a potential security threat to any country. Refugees can be an easy prey to terrorists. They may take advantage of the situation and may carry out illegal activities using refugees.', 'A weak global response is worsening the situation of refugees. The international community should help in rebuilding the war-torn countries, where refugees are coming from, so that safe and dignified returns are possible for refugees. Refugees should not be forcibly sent to their home countries.', 'At present, many countries are refusing refugees stating that they pose an economic or security threat. Only a few countries including Lebanon, Jordan, Turkey, and Liberia are accepting most of the refugees. Some host countries are forcibly sending refugees back to their home countries stating that such as the situation in their home countries is safe. Many refugees who were sent like this went through brutal violence and some people even disappeared.']"
56,55,30,55_arms_bear_right_keep,"['arms', 'bear', 'right', 'keep', 'constitutional', 'protect', 'and', 'families', 'enshrined', 'bedrock']","['The right to keep and bear arms is a constitutional right and should never be abolished as it allows personal protection', 'everyone should have the right to keep and bear arms for protection', 'the right to bear arms is a constitutional right for all citizens.']"
57,56,30,56_telemarketing_products_businesses_marketing,"['telemarketing', 'products', 'businesses', 'marketing', 'useful', 'aware', 'services', 'sales', 'reach', 'tool']","['telemarketing is a useful marketing tool for companies to gain new customers.', 'some telemarketing is beneficial as it may be selling useful products or services.', 'telemarketing provides jobs, and people should be allowed to use telemarketing to earn a living.']"
58,57,30,57_cloning_human_banned_ban,"['cloning', 'human', 'banned', 'ban', 'should', 'science', 'advancements', 'because', 'medical', 'designer']","['we should ban human cloning because cloning takes away from the unique individuality of a person.', 'human cloning is unnatural and should be banned', 'we should not ban human cloning because it could help with medical research']"
59,58,29,58_scientology_cult_church_members,"['scientology', 'cult', 'church', 'members', 'organization', 'is', 'brainwashes', 'sect', 'cults', 'fact']","['the church of scientology is a dangerous cult that has caused psychological harm to some of its members and has held some members against their will', 'the church of scientology is a cult that is harming society.', 'scientology is a cult and so is dangerous']"
60,59,28,59_cloning_human_could_science,"['cloning', 'human', 'could', 'science', 'medical', 'disease', 'breakthroughs', 'humans', 'cure', 'diseases']","['human cloning could give us a better understanding of the human body thus leading to medical breakthroughs.', ""human cloning could lead to scientific breakthroughs that could solve many of the world's problems."", 'human cloning can give us medical breakthroughs']"
61,60,28,60_missionary_work_missionaries_fortunate,"['missionary', 'work', 'missionaries', 'fortunate', 'third', 'aid', 'those', 'world', 'enrich', 'bring']","['missionary work helps the less fortunate countries  with aid and hope.', 'the missionary work bring the good idea for the people', 'missionary work is important to help educate those in third world countries so they can improve their way of life.']"
62,61,27,61_wikipedia_information_source_provides,"['wikipedia', 'information', 'source', 'provides', 'resource', 'encyclopedia', 'unreliable', 'valuable', 'invaluable', 'reliable']","['wikipedia is an important resource for people looking for information', 'wikipedia is not a reliable source for information and we should not waste money on it', 'wikipedia is a very unreliable source of information. many schools do not allow wikipedia to be used as a valid source for term papers.']"
63,62,27,62_guns_gun_shootings_firearms,"['guns', 'gun', 'shootings', 'firearms', 'hands', 'violence', 'too', 'weapons', 'ownership', 'mass']","['gun violence is out of control and the only solution is to take away guns', 'guns are much too dangerous and often get in the wrong hands', ""Gun violence is a huge problem and there are too many mass shootings.   If people didn't have guns many lives would be saved.  Less suicides would happen too as guns are just too easy to use.""]"
64,63,27,63_whaling_cultures_tradition_part,"['whaling', 'cultures', 'tradition', 'part', 'provides', 'some', 'important', 'many', 'whale', 'income']","['whaling is part of a great number of cultures', ""whaling is an important part of some cultures and provides jobs. you can't take that away from people that rely on it just because you don't like it."", 'whaling provides jobs for many people']"
65,64,27,64_telemarketing_ban_jobs_banning,"['telemarketing', 'ban', 'jobs', 'banning', 'banned', 'it', 'calls', 'products', 'buy', 'if']","['we should not ban telemarketing  since it would eliminate many jobs. it also is an effective way for a company to get much needed leads for their products or services if done correctly.', 'telemarketing is a job for some and banning it would take jobs away.', 'we should not ban telemarketing because it is a way for a company to get business and it also provides people with jobs.']"
66,65,26,65_three_strikes_abolish_laws,"['three', 'strikes', 'abolish', 'laws', 'crime', 'law', 'because', 'we', 'deterrent', 'should']","[""we shouldn't abolish the three-strikes laws because everyone deserves a chance and it's a fair system"", 'we should not abolish the three-strikes laws because they result in reduced crime rates', 'we should  abolish the three-strikes laws because they can put people away for minor crimes']"
67,66,26,66_arms_bear_keep_right,"['arms', 'bear', 'keep', 'right', 'abolish', 'gun', 'abolished', 'guns', 'we', 'shootings']","[""we shouldn't abolish the right to keep and bear arms because it can help stop mass shootings if everyone has a gun"", 'we should not abolish the right to keep and bear arms because it is a constitutional right to own weapons to protect ourselves.', 'we should abolish the right to keep and bear arms because innocent people get killed']"
68,67,25,67_games_olympic_abolish_athletes,"['games', 'olympic', 'abolish', 'athletes', 'olympics', 'doping', 'together', 'world', 'because', 'cheating']","['we should abolish the olympic games because the pressure placed on athletes can cause mental health issues', 'we should not abolish the olympic games because it is a form of entertainment for many people', ""we shouldn't abolish the olympic games because is important for union of countries of world""]"
69,68,25,68_spaces_safe_abolish_because,"['spaces', 'safe', 'abolish', 'because', 'ptsd', 'universities', 'speech', 'we', 'warnings', 'should']","['We should abolish safe spaces because there are better ways to protect people with ptsd like content warnings, rather than safe spaces.', 'We should not abolish safe spaces because people with PTSD need these spaces to overcome their trauma.', 'we should not abolish safe spaces because they help many people']"
70,69,23,69_devices_media_social_us,"['devices', 'media', 'social', 'us', 'apps', 'humans', 'machines', 'online', 'with', 'technology']","['After a daily 10-hour shift from Monday to Friday most of us prefer to stay at home on the holidays. We surround ourselves with laptops, TV, and mobile and use them in cycles for Netflix, sports, social media, etc. (thinking that we are relaxing) rather than going out. We prefer and are more comfortable with online chatting instead of talking to people for real. There are fewer meaningful relationships nowadays because of all the above factors. We have started preferring isolation.', 'By following friends on social media and not communicating with them privately, we can only know the things they post on their accounts. We may not know much about what is really happening in their lives. That means we will have no meaningful connections with friends. The convenience of contacting people online made us prefer it over meeting them outside.', 'During the covid pandemic time, social media helped people in maintaining their social life.Social media made it possible to stay connected with friends and loved ones all the time. We can easily know what is happening in their lives. It allowed us to communicate with multiple people at the same time by sharing posts.']"
71,70,23,70_cloning_human_unethical_clone,"['cloning', 'human', 'unethical', 'clone', 'nature', 'against', 'could', 'clones', 'copy', 'mistake']","['cloning human beings goes against nature with which we could have serious consequences in the future', 'human cloning in the wrong hands could be very dangerous to society', 'human cloning is unnatural and against the laws of nature']"
72,71,22,71_missionary_work_ban_banned,"['missionary', 'work', 'ban', 'banned', 'because', 'people', 'if', 'should', 'religious', 'we']","[""if we don't ban missionary work, then more people will have jobs."", 'we should ban missionary work to avoid danger to themselves especially if they are doing their missionary work in a dangerous part of the world', 'we should ban missionary work as it could be dangerous']"
73,72,22,72_research_stem_embryonic_cell,"['research', 'stem', 'embryonic', 'cell', 'subsidize', 'subsidized', 'cells', 'funding', 'medical', 'genes']","['we should subsidize embryonic stem cell research because it will help many people as long as it is successfully done.', 'we should subsidize embryonic stem cell research because we can learn so much from it.', 'we should not subsidize embryonic stem cell research. we should not play god.']"
74,73,21,73_parades_pride_cancel_celebrate,"['parades', 'pride', 'cancel', 'celebrate', 'cancelling', 'canceling', 'express', 'they', 'lgbt', 'because']","['we should not cancel pride parades because it is a right in this country to express yourself and they are doing nothing wrong.', 'we should not cancel pride parades because they have the right to celebrate too.', 'we should not cancel pride parades because people should have the right to express what they want, and how they feel about a certain issue.']"
75,74,21,74_trading_algorithmic_ban_algorithms,"['trading', 'algorithmic', 'ban', 'algorithms', 'banned', 'application', 'because', 'hacked', 'computer', 'sector']","['financial trading is already a destructive and unethical sector of the economy and allowing algorithmic trading does not make it any less so.', 'algorithmic trading should be banned because it gives some people an unfair advantage.', 'algorithmic trading is computer based and does not allow for any type of inspiration in trading.']"
76,75,21,75_games_olympic_host_money,"['games', 'olympic', 'host', 'money', 'city', 'waste', 'expensive', 'spent', 'olympics', 'cost']","['the olympic games are a huge waste of money to the host countries. they spend large amounts of money to build places that are never used again.', 'the olympic games are a waste of money and time and should be abolished', 'olympic games cost a lot of money for the host city to organise and the money could be spent better elsewhere']"
77,76,19,76_zoos_abolish_animals_wild,"['zoos', 'abolish', 'animals', 'wild', 'species', 'extinction', 'enclosures', 'should', 'conservation', 'cruel']","[""we should abolish zoos because it's cruel to keep wild animals in small enclosures and spaces just for our amusement."", ""Zoos work as educational centers and are not the cause of the extinction of animals, rather they help that this does not happen, that's why we should not abolish zoos"", 'we should abolish zoos to prevent the cruel confinement of wild animals']"
78,77,18,77_would_decrease_less_crimes,"['would', 'decrease', 'less', 'crimes', 'reduced', 'economy', 'public', 'it', 'reflecting', 'capturing']","['it would save taxpayers from paying for a person to have a room and food for the rest of their natural life if thats their sentence.', 'Less disruption to public life, less road traffic, and less loss to our economy. As all the government staff can be used at a single time, we can also increase vigilance, and factors like black money, booth capturing, etc. can be reduced.', 'It would help people spend less money, which would be good for the economy.']"
79,78,17,78_stem_embryonic_cell_research,"['stem', 'embryonic', 'cell', 'research', 'cells', 'immoral', 'highly', 'unethical', 'religions', 'offensive']","[""embryonic stem cell research is against god's will and should be stopped."", 'embryonic stem cell research is murder', 'embryonic stem cell research is immoral.']"
80,79,15,79_meal_fast_food_busy,"['meal', 'fast', 'food', 'busy', 'convenient', 'quick', 'treat', 'cheap', 'meals', 'sit']","['Fast food provides a cheap and consistent meal for many people who see it as an occasional meal or treat and this should not be restricted because others cannot make good dietary choices.', 'in moderation, fast food can be a treat or convenient meal for busy people.  we should allow people to enjoy it.', 'fast food is a great option for people who are to busy to sit down for a meal.']"
81,80,15,80_bodies_choose_what_right,"['bodies', 'choose', 'what', 'right', 'want', 'adults', 'their', 'they', 'able', 'body']","['people should be able to choose what they put into their bodies.', ""people have the right to live their lives in any way they choose and the government doesn't have the right to tell adults what they can put in their own bodies"", 'people have the right to use their bodies in any way they choose.']"
82,81,15,81_crime_crimes_criminals_committing,"['crime', 'crimes', 'criminals', 'committing', 'habitually', 'he', 'criminal', 'learned', 'if', 'offending']","[""if a person has been arrested for three crimes they have not learned from their mistakes but see being a criminal as a lifestyle.   let's put those people behind bars and prevent more crimes."", 'criminals should be given a chance to reform, even if they committed the same crime multiple times.', ""if someone hasn't learned by the first two chances then they aren't going to stop committing crimes. it makes more sense to lock them away than to let them keep committing crimes against the population.""]"
83,82,14,82_choices_free_choice_choose,"['choices', 'free', 'choice', 'choose', 'peoples', 're', 'disgusting', 'preference', 'website', 'style']","['we should not pay for other peoples life style choices', ""Quotas are always disgusting examples of oppression and evil. I don't want anything of that, I want freedom and free choice."", 'people should be free and open to make their own choices and if they should make any decisions that they later regret, then this will teach them important lessons for the rest of their life']"
84,83,14,83_judges_judge_personal_elected,"['judges', 'judge', 'personal', 'elected', 'interpretation', 'laws', 'biases', 'officials', 'beliefs', 'decisions']","['judges should not let their biases come into play when making judicial decisions; they should adhere to a strict interpretation of the constitution.', 'judges who rule based on their own personal and political beliefs usurp the power of our elected officials and are violating our constitutional rights,', 'judges are to base decisions on the laws of the country not on their personal beliefs.  when a judge puts his bias to a case it can change laws and not support the rights of the individual.']"
85,84,14,84_banks_neo_cashless_transactions,"['banks', 'neo', 'cashless', 'transactions', 'customers', 'banking', 'bank', 'access', 'financial', 'customer']","['People don’t trust neo-banks as much because they don’t have a physical presence, which makes them a risk for customers in case of any issues or challenges. In-person customer service may appear more trustworthy to customers.', 'Fintech companies can open specialized neo-banks that target a specific type of customer’s needs. For example, LXME aims to become India’s first Neo bank for women, which will offer product solutions that address women-specific financial needs and emotional preferences.', 'Due to their technological nature, neo-banks do not need any physical bank branches, which helps them save on overhead costs (the cost of running the business). Thus, neo-banks are able to offer lower fees and higher interest rates on checking and savings accounts to customers.']"
86,85,13,85_data_localization_developed_infrastructure,"['data', 'localization', 'developed', 'infrastructure', 'india', 'consumers', 'costs', 'stored', 'laws', 'us']","['At present, India does not have a well-developed infrastructure to ensure the security of data. On the other hand, developed countries already have an efficient infrastructure. So, rushing toward data localization may not be a wise step. Because without efficient infrastructure, the data is prone to cyber-attacks. And the risk is severe here because it is financial data. But as the laws are made, it is a big challenge to develop efficient infrastructure at a faster pace.', 'India is a big consumer market for many foreign companies. So, India and other developing countries are realizing the economic value of the data and the importance of data localization. With data localization, domestic companies and the country’s economy will be benefited. And we can also ensure the security of the data.', 'Data localization is important for data sovereignty, which means the data of the citizens should be owned by the respective governments and not by other countries.']"
87,86,13,86_minors_make_choices_decision,"['minors', 'make', 'choices', 'decision', 'decisions', 'mature', 'young', 'until', 'enough', 'too']","['minors are not mature enough to make these decisions', 'minors are too young to know what they are doing so make them wait until they are adults and better able to make these types of decisions', 'minors are too young to make these choices']"
88,87,11,87_eat_what_want_free,"['eat', 'what', 'want', 'free', 'choose', 'propagandize', 'govern', 'hurry', 'hey', 'people']","['people have the right to decide for themselves what they want to eat', 'people should be able to choose what they want to eat', 'people should be allowed to eat what they want']"
89,88,11,88_sell_immoral_body_unnatural,"['sell', 'immoral', 'body', 'unnatural', 'it', 'legitimize', 'illegal', 'impairs', 'chooses', 'right']","['women should have the right to decide what to do with their body and that should include being able to sell it.', 'a man or woman has the right to do what they wish with their body, and if they choose to sell it for sex, the government should not interfere.', 'Everyone has the right to bodily autonomy. If a person chooses to sell his or her body for sex, it should not be illegal.']"
90,89,10,89_terrorists_terror_organizations_terrorist,"['terrorists', 'terror', 'organizations', 'terrorist', 'individuals', 'lone', 'wolf', 'terrorism', 'amendment', 'attacks']","['This will provide more police powers to the central government. The provision of naming individuals as terrorists can be misused. For example, recently several civil activists are termed as Urban Naxals. If anyone opposes the government, they will be vulnerable to be framed as terrorists. Because this amendment made it easier to label anyone as a terrorist.', 'There is a growing threat of lone-wolf terrorism. Lone wolf terrorists do not have any association with terrorist organizations, but they commit terror attacks alone by themselves. This new amendment to UAPA has the potential to curb lone-wolf terrorism.', 'Till now, only organizations were designated as terrorist organizations, but not individuals. The loophole in this is the individuals of the banned organizations are forming new organizations and carrying out terror activities. This amendment bill for the Unlawful Activities (Prevention) Act allows the government to designate individuals as terrorists, thereby terror attacks can be prevented.']"
