Topic,america,china,france,germany,iran,israel,italy,russia,ukraine
No nuclear weapons,0.833,0.889,0.733,0.0,0.743,0.638,0.868,0.0,0.597
Legalize sex selection,0.311,0.6,0.34,0.0,0.584,0.48,0.314,0.0,0.432
No economic sanctions,0.783,0.5,0.66,0.0,0.702,0.614,0.706,0.0,0.53
Legalize prostitution,0.809,0.667,0.685,0.0,0.636,0.742,0.765,0.0,0.712
Adopt multi-party system,0.778,0.867,0.657,0.0,0.704,0.663,0.741,0.0,0.603
Adopt atheism,0.519,0.333,0.432,0.0,0.44,0.473,0.286,0.0,0.515
Compulsory voting,0.425,0.75,0.25,0.0,0.39,0.222,0.192,0.0,0.167
Adopt libertarianism,0.455,0.8,0.286,0.0,0.692,0.657,0.0,0.0,0.188
No Church of Scientology,0.0,0.0,0.0,0.0,0.0,0.0,0.0,0.0,0.0
